folder_name,orientation,termination,formula,pseudo_consistency,cutoff_notes,relax_converged,complete,needs_attention,cell_area_angstrom2,cell_height_angstrom,carbon_thickness_angstrom,vacuum_estimate_angstrom,stress_xx_kbar,stress_yy_kbar,stress_zz_kbar,stress_xy_kbar,inplane_mean_stress_kbar,inplane_anisotropy_kbar,tau_xx_n_per_m,tau_yy_n_per_m,tau_xy_n_per_m,tau_mean_n_per_m,tau_anisotropy_n_per_m,qe_pressure_kbar,effective_inplane_pressure_kbar,stress_interpretation,raman_relevance
C100_2x1_H_6L_sym,(100),H,C24H8,ok,ecutwfc_below_reference; ecutrho_below_reference,True,True,False,25.541820001317067,14.50130008,4.291910851099999,10.209389228900001,,,,,,,,,,,,,,unknown,use_for_clean_H_baseline
C100_2x1_H_6L_sym_strain_biaxial_m0p005_scf,(100),H,C24H8,ok,ecutwfc_below_reference; ecutrho_below_reference,,True,False,25.287040346301065,14.50130008,4.291910851099999,10.209389228900001,28.87,-29.56,2.02,0.0,-0.34499999999999886,58.43,2.093262666548,-2.1432921518240002,0.0,-0.02501474263799992,4.236554818372,0.44,-0.34499999999999886,near_zero_inplane_mean_stress,use_for_clean_H_baseline
C100_2x1_H_6L_sym_strain_biaxial_m0p010_scf,(100),H,C24H8,ok,ecutwfc_below_reference; ecutrho_below_reference,,True,False,25.03353778329086,14.50130008,4.291910851099999,10.209389228900001,52.59,-7.47,6.51,0.0,22.560000000000002,60.06,3.8131168560360007,-0.541623557988,0.0,1.6357466490240002,4.3547404140240005,17.21,22.560000000000002,compressive_inplane_pressure_like,use_for_clean_H_baseline
C100_2x1_H_6L_sym_strain_biaxial_p0p000_scf,(100),H,C24H8,ok,ecutwfc_below_reference; ecutrho_below_reference,,True,False,25.541820001317067,14.50130008,4.291910851099999,10.209389228900001,6.11,-50.71,-2.23,0.0,-22.3,56.82,0.44301471744400006,-3.6768046352840003,0.0,-1.6168949589200001,4.119819352728,-15.61,-22.3,tensile_inplane_stress_like,use_for_clean_H_baseline
C100_2x1_H_6L_sym_strain_biaxial_p0p005_scf,(100),H,C24H8,ok,ecutwfc_below_reference; ecutrho_below_reference,,True,False,25.79787674632235,14.50130008,4.291910851099999,10.209389228900001,-15.69,-70.94,-6.26,0.0,-43.315,55.25,-1.137626991276,-5.143611138376,0.0,-3.140619064826,4.0059841471,-30.96,-43.315,tensile_inplane_stress_like,use_for_clean_H_baseline
C100_2x1_H_6L_sym_strain_biaxial_p0p010_scf,(100),H,C24H8,ok,ecutwfc_below_reference; ecutrho_below_reference,,True,False,26.055210583343538,14.50130008,4.291910851099999,10.209389228900001,-36.57,-90.3,-10.07,0.0,-63.435,53.73,-2.651562719628,-6.54733698612,0.0,-4.599449852874001,3.8957742664920003,-45.65,-63.435,tensile_inplane_stress_like,use_for_clean_H_baseline
C100_2x1_H_6L_sym_strain_x_m0p005_scf,(100),H,C24H8,ok,ecutwfc_below_reference; ecutrho_below_reference,,True,False,25.414110901057786,14.50130008,4.291910851099999,10.209389228900001,28.15,-50.38,0.16,0.0,-11.115000000000002,78.53,2.0410579862600002,-3.6528774901520005,0.0,-0.8059097519460002,5.693935476412,-7.36,-11.115000000000002,tensile_inplane_stress_like,use_for_clean_H_baseline
C100_2x1_H_6L_sym_strain_x_m0p010_scf,(100),H,C24H8,ok,ecutwfc_below_reference; ecutrho_below_reference,,True,False,25.286401801303896,14.50130008,4.291910851099999,10.209389228900001,50.95,-50.06,2.64,0.0,0.4450000000000003,101.01,3.6942061953800005,-3.6296754100240003,0.0,0.03226539267800002,7.323881605404001,1.17,0.4450000000000003,near_zero_inplane_mean_stress,use_for_clean_H_baseline
C100_2x1_H_6L_sym_strain_x_p0p000_scf,(100),H,C24H8,ok,ecutwfc_below_reference; ecutrho_below_reference,,True,False,25.541820001317067,14.50130008,4.291910851099999,10.209389228900001,6.11,-50.71,-2.23,0.0,-22.3,56.82,0.44301471744400006,-3.6768046352840003,0.0,-1.6168949589200001,4.119819352728,-15.61,-22.3,tensile_inplane_stress_like,use_for_clean_H_baseline
C100_2x1_H_6L_sym_strain_x_p0p005_scf,(100),H,C24H8,ok,ecutwfc_below_reference; ecutrho_below_reference,,True,False,25.669529101070957,14.50130008,4.291910851099999,10.209389228900001,-15.17,-51.04,-4.54,0.0,-33.105,35.87,-1.0999236110680002,-3.7007317804160005,0.0,-2.400327695742,2.600808169348,-23.59,-33.105,tensile_inplane_stress_like,use_for_clean_H_baseline
C100_2x1_H_6L_sym_strain_x_p0p010_scf,(100),H,C24H8,ok,ecutwfc_below_reference; ecutrho_below_reference,,True,False,25.797238201330238,14.50130008,4.291910851099999,10.209389228900001,-35.73,-51.38,-6.77,0.0,-43.555,15.650000000000006,-2.590657259292,-3.7253839905520008,0.0,-3.1580206249220004,1.1347267312600005,-31.3,-43.555,tensile_inplane_stress_like,use_for_clean_H_baseline
C100_2x1_H_6L_sym_strain_y_m0p005_scf,(100),H,C24H8,ok,ecutwfc_below_reference; ecutrho_below_reference,,True,False,25.414110901057786,14.50130008,4.291910851099999,10.209389228900001,6.73,-29.99,-0.42,0.0,-11.629999999999999,36.72,0.4879687476920001,-2.174469946996,0.0,-0.843250599652,2.6624386946880003,-7.89,-11.629999999999999,tensile_inplane_stress_like,use_for_clean_H_baseline
C100_2x1_H_6L_sym_strain_y_m0p010_scf,(100),H,C24H8,ok,ecutwfc_below_reference; ecutrho_below_reference,,True,False,25.286401801303896,14.50130008,4.291910851099999,10.209389228900001,7.34,-8.52,1.47,0.0,-0.5899999999999999,15.86,0.532197712936,-0.6177553834080001,0.0,-0.04277883523599999,1.1499530963440001,0.1,-0.5899999999999999,near_zero_inplane_mean_stress,use_for_clean_H_baseline
C100_2x1_H_6L_sym_strain_y_p0p000_scf,(100),H,C24H8,ok,ecutwfc_below_reference; ecutrho_below_reference,,True,False,25.541820001317067,14.50130008,4.291910851099999,10.209389228900001,6.11,-50.71,-2.23,0.0,-22.3,56.82,0.44301471744400006,-3.6768046352840003,0.0,-1.6168949589200001,4.119819352728,-15.61,-22.3,tensile_inplane_stress_like,use_for_clean_H_baseline
C100_2x1_H_6L_sym_strain_y_p0p005_scf,(100),H,C24H8,ok,ecutwfc_below_reference; ecutrho_below_reference,,True,False,25.669529101070957,14.50130008,4.291910851099999,10.209389228900001,5.5,-70.7,-3.99,0.0,-32.6,76.2,0.3987857522,-5.126209578280001,0.0,-2.3637119130400004,5.52499533048,-23.06,-32.6,tensile_inplane_stress_like,use_for_clean_H_baseline
C100_2x1_H_6L_sym_strain_y_p0p010_scf,(100),H,C24H8,ok,ecutwfc_below_reference; ecutrho_below_reference,,True,False,25.797238201330238,14.50130008,4.291910851099999,10.209389228900001,4.89,-90.0,-5.69,0.0,-42.555,94.89,0.354556786956,-6.525585036000001,0.0,-3.085514124522,6.880141822956,-30.26,-42.555,tensile_inplane_stress_like,use_for_clean_H_baseline
C100_2x1_H_6L_sym_stress_scf,(100),H,C24H8,ok,ecutwfc_below_reference; ecutrho_below_reference,,True,False,25.541820001317067,14.50130008,4.291910851099999,10.209389228900001,6.11,-50.71,-2.23,0.0,-22.3,56.82,0.44301471744400006,-3.6768046352840003,0.0,-1.6168949589200001,4.119819352728,-15.61,-22.3,tensile_inplane_stress_like,use_for_clean_H_baseline
C110_1x1_H_6L_SSSP_sym,(110),H,C12H4,ok,ecutwfc_below_reference; ecutrho_below_reference,True,True,False,9.03039704418498,16.09732701,6.2649348962,9.832392113800001,,,,,,,,,,,,,,unknown,use_for_clean_H_baseline
C110_1x1_H_6L_SSSP_sym_strain_biaxial_m0p005_scf,(110),H,C12H4,ok,ecutwfc_below_reference; ecutrho_below_reference,,True,False,8.940318833669235,16.09732701,6.2649348962,9.832392113800001,55.25,79.89,1.71,0.0,67.57,-24.64,4.446886586512501,6.430077274144502,0.0,5.438481930328501,-1.9831906876320005,45.62,67.57,compressive_inplane_pressure_like,use_for_clean_H_baseline
C110_1x1_H_6L_SSSP_sym_strain_biaxial_m0p010_scf,(110),H,C12H4,ok,ecutwfc_below_reference; ecutrho_below_reference,,True,False,8.850692143005698,16.09732701,6.2649348962,9.832392113800001,89.53,110.04,6.58,0.0,99.785,-20.510000000000005,7.2059684360265015,8.856749320902003,0.0,8.031358878464252,-1.6507808848755008,68.71,99.785,compressive_inplane_pressure_like,use_for_clean_H_baseline
C110_1x1_H_6L_SSSP_sym_strain_biaxial_p0p000_scf,(110),H,C12H4,ok,ecutwfc_below_reference; ecutrho_below_reference,,True,False,9.03039704418498,16.09732701,6.2649348962,9.832392113800001,22.7,50.85,-2.89,0.0,36.775,-28.150000000000002,1.8270466156350003,4.0927453922925014,0.0,2.9598960039637507,-2.2656987766575005,23.56,36.775,compressive_inplane_pressure_like,use_for_clean_H_baseline
C110_1x1_H_6L_SSSP_sym_strain_biaxial_p0p005_scf,(110),H,C12H4,ok,ecutwfc_below_reference; ecutrho_below_reference,,True,False,9.120926774552935,16.09732701,6.2649348962,9.832392113800001,-8.21,22.89,-7.22,0.0,7.34,-31.1,-0.6607952737605002,1.8423390762945004,0.0,0.5907719012670001,-2.5031343500550007,2.49,7.34,compressive_inplane_pressure_like,use_for_clean_H_baseline
C110_1x1_H_6L_SSSP_sym_strain_biaxial_p0p010_scf,(110),H,C12H4,ok,ecutwfc_below_reference; ecutrho_below_reference,,True,False,9.211908024773098,16.09732701,6.2649348962,9.832392113800001,-37.55,-4.05,-11.29,0.0,-20.799999999999997,-33.5,-3.0222731461275005,-0.3259708719525001,0.0,-1.6741220090400002,-2.6963022741750007,-17.63,-20.799999999999997,tensile_inplane_stress_like,use_for_clean_H_baseline
C110_1x1_H_6L_SSSP_sym_strain_x_m0p005_scf,(110),H,C12H4,ok,ecutwfc_below_reference; ecutrho_below_reference,,True,False,8.985245058964054,16.09732701,6.2649348962,9.832392113800001,51.15,54.82,-2.34,0.0,52.985,-3.6700000000000017,4.116891382807501,4.4122773334410015,0.0,4.264584358124251,-0.2953859506335002,34.54,52.985,compressive_inplane_pressure_like,use_for_clean_H_baseline
C110_1x1_H_6L_SSSP_sym_strain_x_m0p010_scf,(110),H,C12H4,ok,ecutwfc_below_reference; ecutrho_below_reference,,True,False,8.94009307374313,16.09732701,6.2649348962,9.832392113800001,80.56,58.92,-1.81,0.0,69.74000000000001,21.64,6.484003319628002,4.742272537146001,0.0,5.613137928387002,1.7417307824820005,45.89,69.74000000000001,compressive_inplane_pressure_like,use_for_clean_H_baseline
C110_1x1_H_6L_SSSP_sym_strain_x_p0p000_scf,(110),H,C12H4,ok,ecutwfc_below_reference; ecutrho_below_reference,,True,False,9.03039704418498,16.09732701,6.2649348962,9.832392113800001,22.7,50.85,-2.89,0.0,36.775,-28.150000000000002,1.8270466156350003,4.0927453922925014,0.0,2.9598960039637507,-2.2656987766575005,23.56,36.775,compressive_inplane_pressure_like,use_for_clean_H_baseline
C110_1x1_H_6L_SSSP_sym_strain_x_p0p005_scf,(110),H,C12H4,ok,ecutwfc_below_reference; ecutrho_below_reference,,True,False,9.075549029405904,16.09732701,6.2649348962,9.832392113800001,-4.8,47.02,-3.45,0.0,21.110000000000003,-51.82,-0.38633584824000006,3.784481580051001,0.0,1.6990728659055006,-4.170817428291001,12.93,21.110000000000003,compressive_inplane_pressure_like,use_for_clean_H_baseline
C110_1x1_H_6L_SSSP_sym_strain_x_p0p010_scf,(110),H,C12H4,ok,ecutwfc_below_reference; ecutrho_below_reference,,True,False,9.12070101462683,16.09732701,6.2649348962,9.832392113800001,-31.37,43.31,-4.02,0.0,5.970000000000001,-74.68,-2.5248657415185005,3.485876164015501,0.0,0.48050521124850015,-6.010741905534002,2.64,5.970000000000001,compressive_inplane_pressure_like,use_for_clean_H_baseline
C110_1x1_H_6L_SSSP_sym_strain_y_m0p005_scf,(110),H,C12H4,ok,ecutwfc_below_reference; ecutrho_below_reference,,True,False,8.985245058964056,16.09732701,6.2649348962,9.832392113800001,26.57,75.6,1.12,0.0,51.084999999999994,-49.029999999999994,2.1385298932785006,6.084789609780001,0.0,4.111659751529251,-3.9462597165015003,34.43,51.084999999999994,compressive_inplane_pressure_like,use_for_clean_H_baseline
C110_1x1_H_6L_SSSP_sym_strain_y_m0p010_scf,(110),H,C12H4,ok,ecutwfc_below_reference; ecutrho_below_reference,,True,False,8.940093073743132,16.09732701,6.2649348962,9.832392113800001,30.66,100.68,5.32,0.0,65.67,-70.02000000000001,2.4677202306330006,8.103394416834002,0.0,5.285557323733501,-5.635674186201002,45.56,65.67,compressive_inplane_pressure_like,use_for_clean_H_baseline
C110_1x1_H_6L_SSSP_sym_strain_y_p0p000_scf,(110),H,C12H4,ok,ecutwfc_below_reference; ecutrho_below_reference,,True,False,9.03039704418498,16.09732701,6.2649348962,9.832392113800001,22.7,50.85,-2.89,0.0,36.775,-28.150000000000002,1.8270466156350003,4.0927453922925014,0.0,2.9598960039637507,-2.2656987766575005,23.56,36.775,compressive_inplane_pressure_like,use_for_clean_H_baseline
C110_1x1_H_6L_SSSP_sym_strain_y_p0p005_scf,(110),H,C12H4,ok,ecutwfc_below_reference; ecutrho_below_reference,,True,False,9.075549029405906,16.09732701,6.2649348962,9.832392113800001,19.06,26.42,-6.69,0.0,22.740000000000002,-7.360000000000003,1.5340752640530002,2.126456898021001,0.0,1.8302660810370006,-0.5923816339680004,12.93,22.740000000000002,compressive_inplane_pressure_like,use_for_clean_H_baseline
C110_1x1_H_6L_SSSP_sym_strain_y_p0p010_scf,(110),H,C12H4,ok,ecutwfc_below_reference; ecutrho_below_reference,,True,False,9.12070101462683,16.09732701,6.2649348962,9.832392113800001,15.64,2.29,-10.31,0.0,8.965,13.350000000000001,1.2588109721820004,0.18431439426450005,0.0,0.7215626832232501,1.0744965779175004,2.54,8.965,compressive_inplane_pressure_like,use_for_clean_H_baseline
C110_1x1_H_6L_SSSP_sym_stress_scf,(110),H,C12H4,ok,ecutwfc_below_reference; ecutrho_below_reference,,True,False,9.03039704418498,16.09732701,6.2649348962,9.832392113800001,22.7,50.85,-2.89,0.0,36.775,-28.150000000000002,1.8270466156350003,4.0927453922925014,0.0,2.9598960039637507,-2.2656987766575005,23.56,36.775,compressive_inplane_pressure_like,use_for_clean_H_baseline
C111_1x1_H_6L_sym,(111),H,C6H2,ok,ecutwfc_below_reference; ecutrho_below_reference,True,True,False,5.529966224473207,14.82229584,4.5977692145999995,10.224526625400001,,,,,,,,,,,,,,unknown,use_for_clean_H_baseline
C111_1x1_H_6L_sym_strain_biaxial_m0p005_scf,(111),H,C6H2,ok,ecutwfc_below_reference; ecutrho_below_reference,,True,False,5.474804811384088,14.82229584,4.5977692145999995,10.224526625400001,30.52,30.52,0.06,0.0,30.52,0.0,2.2618823451840004,2.2618823451840004,0.0,2.2618823451840004,0.0,20.37,30.52,compressive_inplane_pressure_like,use_for_clean_H_baseline
C111_1x1_H_6L_sym_strain_biaxial_m0p010_scf,(111),H,C6H2,ok,ecutwfc_below_reference; ecutrho_below_reference,,True,False,5.41991989660619,14.82229584,4.5977692145999995,10.224526625400001,59.18,59.18,2.68,0.0,59.18,0.0,4.385917339056,4.385917339056,0.0,4.385917339056,0.0,40.34,59.18,compressive_inplane_pressure_like,use_for_clean_H_baseline
C111_1x1_H_6L_sym_strain_biaxial_p0p000_scf,(111),H,C6H2,ok,ecutwfc_below_reference; ecutrho_below_reference,,True,False,5.529966224473207,14.82229584,4.5977692145999995,10.224526625400001,3.19,3.19,-2.45,-0.0,3.19,0.0,0.23641561864800004,0.23641561864800004,-0.0,0.23641561864800004,0.0,1.31,3.19,compressive_inplane_pressure_like,use_for_clean_H_baseline
C111_1x1_H_6L_sym_strain_biaxial_p0p005_scf,(111),H,C6H2,ok,ecutwfc_below_reference; ecutrho_below_reference,,True,False,5.585404135873551,14.82229584,4.5977692145999995,10.224526625400001,-22.81,-22.81,-4.86,-0.0,-22.81,0.0,-1.690482840552,-1.690482840552,-0.0,-1.690482840552,0.0,-16.83,-22.81,tensile_inplane_stress_like,use_for_clean_H_baseline
C111_1x1_H_6L_sym_strain_biaxial_p0p010_scf,(111),H,C6H2,ok,ecutwfc_below_reference; ecutrho_below_reference,,True,False,5.641118545585119,14.82229584,4.5977692145999995,10.224526625400001,-47.55,-47.55,-7.17,0.0,-47.55,0.0,-3.5240008359600004,-3.5240008359600004,0.0,-3.5240008359600004,0.0,-34.09,-47.55,tensile_inplane_stress_like,use_for_clean_H_baseline
C111_1x1_H_6L_sym_stress_scf,(111),H,C6H2,ok,ecutwfc_below_reference; ecutrho_below_reference,,True,False,5.529966224473207,14.82229584,4.5977692145999995,10.224526625400001,3.19,3.19,-2.45,-0.0,3.19,0.0,0.23641561864800004,0.23641561864800004,-0.0,0.23641561864800004,0.0,1.31,3.19,compressive_inplane_pressure_like,use_for_clean_H_baseline
