delta_mu_h_ev,gamma_C100_j_m2,gamma_C110_j_m2,gamma_C111_j_m2,most_stable,ordering,all_positive,wulff_defined
0.0,0.05012282789244918,-0.8265257562401108,-0.9761254860694976,C111,C111 < C110 < C100,False,False
0.025,0.11287302498360702,-0.7377835763970154,-0.9036677997884596,C111,C111 < C110 < C100,False,False
0.05,0.17562322207476486,-0.64904139655392,-0.8312101135074216,C111,C111 < C110 < C100,False,False
0.07500000000000001,0.2383734191659227,-0.5602992167108245,-0.7587524272263836,C111,C111 < C110 < C100,False,False
0.1,0.3011236162570805,-0.4715570368677292,-0.6862947409453456,C111,C111 < C110 < C100,False,False
0.125,0.3638738133482383,-0.3828148570246338,-0.6138370546643076,C111,C111 < C110 < C100,False,False
0.15000000000000002,0.42662401043939624,-0.2940726771815383,-0.5413793683832695,C111,C111 < C110 < C100,False,False
0.17500000000000002,0.48937420753055405,-0.20533049733844289,-0.4689216821022316,C111,C111 < C110 < C100,False,False
0.2,0.5521244046217119,-0.1165883174953476,-0.3964639958211936,C111,C111 < C110 < C100,False,False
0.225,0.6148746017128697,-0.02784613765225219,-0.32400630954015563,C111,C111 < C110 < C100,False,False
0.25,0.6776247988040275,0.060896042190843214,-0.25154862325911764,C111,C111 < C110 < C100,False,False
0.275,0.7403749958951854,0.14963822203393873,-0.17909093697807954,C111,C111 < C110 < C100,False,False
0.30000000000000004,0.8031251929863432,0.23838040187703424,-0.10663325069704155,C111,C111 < C110 < C100,False,False
0.325,0.865875390077501,0.3271225817201294,-0.03417556441600367,C111,C111 < C110 < C100,False,False
0.35000000000000003,0.928625587168659,0.41586476156322505,0.038282121865034324,C111,C111 < C110 < C100,True,True
0.375,0.9913757842598167,0.5046069414063202,0.11073980814607232,C111,C111 < C110 < C100,True,True
0.4,1.0541259813509747,0.5933491212494156,0.1831974944271103,C111,C111 < C110 < C100,True,True
0.42500000000000004,1.1168761784421326,0.6820913010925113,0.2556551807081485,C111,C111 < C110 < C100,True,True
0.45,1.1796263755332903,0.7708334809356064,0.3281128669891863,C111,C111 < C110 < C100,True,True
0.47500000000000003,1.2423765726244482,0.8595756607787021,0.4005705532702243,C111,C111 < C110 < C100,True,True
0.5,1.305126769715606,0.9483178406217972,0.4730282395512623,C111,C111 < C110 < C100,True,True
0.525,1.3678769668067638,1.0370600204648928,0.5454859258323003,C111,C111 < C110 < C100,True,True
0.55,1.4306271638979218,1.1258022003079882,0.6179436121133385,C111,C111 < C110 < C100,True,True
0.5750000000000001,1.4933773609890797,1.214544380151084,0.6904012983943765,C111,C111 < C110 < C100,True,True
0.6000000000000001,1.5561275580802374,1.3032865599941794,0.7628589846754145,C111,C111 < C110 < C100,True,True
0.625,1.618877755171395,1.3920287398372744,0.8353166709564522,C111,C111 < C110 < C100,True,True
0.65,1.681627952262553,1.4807709196803698,0.9077743572374902,C111,C111 < C110 < C100,True,True
0.675,1.744378149353711,1.5695130995234652,0.9802320435185284,C111,C111 < C110 < C100,True,True
0.7000000000000001,1.8071283464448689,1.658255279366561,1.052689729799566,C111,C111 < C110 < C100,True,True
0.7250000000000001,1.8698785435360266,1.7469974592096564,1.1251474160806043,C111,C111 < C110 < C100,True,True
0.75,1.9326287406271843,1.8357396390527514,1.197605102361642,C111,C111 < C110 < C100,True,True
0.775,1.9953789377183422,1.9244818188958468,1.2700627886426803,C111,C111 < C110 < C100,True,True
0.8,2.0581291348095,2.013223998738942,1.342520474923718,C111,C111 < C110 < C100,True,True
0.8250000000000001,2.120879331900658,2.101966178582038,1.4149781612047563,C111,C111 < C110 < C100,True,True
0.8500000000000001,2.183629528991816,2.1907083584251335,1.4874358474857945,C111,C111 < C100 < C110,True,True
0.875,2.2463797260829734,2.2794505382682284,1.5598935337668318,C111,C111 < C100 < C110,True,True
0.9,2.3091299231741313,2.368192718111324,1.63235122004787,C111,C111 < C100 < C110,True,True
0.925,2.3718801202652893,2.456934897954419,1.7048089063289082,C111,C111 < C100 < C110,True,True
0.9500000000000001,2.434630317356447,2.545677077797515,1.777266592609946,C111,C111 < C100 < C110,True,True
0.9750000000000001,2.497380514447605,2.6344192576406105,1.8497242788909842,C111,C111 < C100 < C110,True,True
1.0,2.5601307115387626,2.7231614374837054,1.922181965172022,C111,C111 < C100 < C110,True,True
1.0250000000000001,2.622880908629921,2.8119036173268013,1.9946396514530602,C111,C111 < C100 < C110,True,True
1.05,2.6856311057210784,2.9006457971698962,2.067097337734098,C111,C111 < C100 < C110,True,True
1.075,2.748381302812236,2.9893879770129916,2.1395550240151358,C111,C111 < C100 < C110,True,True
1.1,2.8111314999033943,3.0781301568560875,2.2120127102961744,C111,C111 < C100 < C110,True,True
1.125,2.8738816969945518,3.1668723366991824,2.284470396577212,C111,C111 < C100 < C110,True,True
1.1500000000000001,2.93663189408571,3.2556145165422787,2.3569280828582504,C111,C111 < C100 < C110,True,True
1.175,2.9993820911768676,3.3443566963853737,2.429385769139288,C111,C111 < C100 < C110,True,True
1.2000000000000002,3.0621322882680255,3.4330988762284695,2.5018434554203264,C111,C111 < C100 < C110,True,True
1.225,3.1248824853591834,3.5218410560715645,2.574301141701364,C111,C111 < C100 < C110,True,True
1.25,3.187632682450341,3.6105832359146595,2.646758827982402,C111,C111 < C100 < C110,True,True
1.2750000000000001,3.2503828795414993,3.6993254157577553,2.71921651426344,C111,C111 < C100 < C110,True,True
1.3,3.3131330766326568,3.7880675956008503,2.791674200544478,C111,C111 < C100 < C110,True,True
1.3250000000000002,3.3758832737238147,3.876809775443946,2.8641318868255166,C111,C111 < C100 < C110,True,True
1.35,3.4386334708149726,3.965551955287041,2.9365895731065543,C111,C111 < C100 < C110,True,True
1.375,3.50138366790613,4.054294135130137,3.0090472593875917,C111,C111 < C100 < C110,True,True
1.4000000000000001,3.5641338649972885,4.143036314973233,3.08150494566863,C111,C111 < C100 < C110,True,True
1.425,3.626884062088446,4.231778494816328,3.153962631949668,C111,C111 < C100 < C110,True,True
1.4500000000000002,3.689634259179604,4.320520674659424,3.2264203182307063,C111,C111 < C100 < C110,True,True
1.475,3.752384456270762,4.4092628545025185,3.2988780045117445,C111,C111 < C100 < C110,True,True
1.5,3.8151346533619193,4.4980050343456135,3.371335690792782,C111,C111 < C100 < C110,True,True
1.5250000000000001,3.8778848504530776,4.586747214188709,3.44379337707382,C111,C111 < C100 < C110,True,True
1.55,3.940635047544235,4.675489394031804,3.5162510633548583,C111,C111 < C100 < C110,True,True
1.5750000000000002,4.003385244635393,4.7642315738749,3.5887087496358965,C111,C111 < C100 < C110,True,True
1.6,4.0661354417265505,4.852973753717995,3.661166435916934,C111,C111 < C100 < C110,True,True
1.625,4.1288856388177075,4.94171593356109,3.733624122197972,C111,C111 < C100 < C110,True,True
1.6500000000000001,4.191635835908866,5.030458113404187,3.8060818084790102,C111,C111 < C100 < C110,True,True
1.675,4.254386033000023,5.119200293247282,3.8785394947600476,C111,C111 < C100 < C110,True,True
1.7000000000000002,4.317136230091182,5.207942473090378,3.9509971810410867,C111,C111 < C100 < C110,True,True
1.725,4.379886427182339,5.296684652933473,4.023454867322124,C111,C111 < C100 < C110,True,True
1.75,4.442636624273497,5.3854268327765675,4.095912553603162,C111,C111 < C100 < C110,True,True
1.7750000000000001,4.505386821364655,5.474169012619663,4.168370239884201,C111,C111 < C100 < C110,True,True
1.8,4.568137018455813,5.562911192462758,4.240827926165238,C111,C111 < C100 < C110,True,True
1.8250000000000002,4.630887215546971,5.651653372305854,4.313285612446276,C111,C111 < C100 < C110,True,True
1.85,4.693637412638129,5.740395552148949,4.385743298727315,C111,C111 < C100 < C110,True,True
1.875,4.756387609729287,5.829137731992045,4.458200985008352,C111,C111 < C100 < C110,True,True
1.9000000000000001,4.819137806820445,5.917879911835141,4.53065867128939,C111,C111 < C100 < C110,True,True
1.925,4.881888003911602,6.006622091678236,4.603116357570428,C111,C111 < C100 < C110,True,True
1.9500000000000002,4.9446382010027605,6.095364271521332,4.675574043851467,C111,C111 < C100 < C110,True,True
1.975,5.007388398093918,6.184106451364427,4.748031730132505,C111,C111 < C100 < C110,True,True
2.0,5.0701385951850755,6.272848631207522,4.820489416413542,C111,C111 < C100 < C110,True,True
2.025,5.132888792276233,6.3615908110506165,4.892947102694579,C111,C111 < C100 < C110,True,True
2.0500000000000003,5.195638989367392,6.450332990893713,4.9654047889756185,C111,C111 < C100 < C110,True,True
2.075,5.258389186458549,6.539075170736808,5.037862475256657,C111,C111 < C100 < C110,True,True
2.1,5.321139383549707,6.627817350579903,5.110320161537694,C111,C111 < C100 < C110,True,True
2.125,5.383889580640864,6.716559530422998,5.182777847818732,C111,C111 < C100 < C110,True,True
2.15,5.446639777732022,6.805301710266094,5.25523553409977,C111,C111 < C100 < C110,True,True
2.1750000000000003,5.509389974823181,6.894043890109191,5.327693220380809,C111,C111 < C100 < C110,True,True
2.2,5.572140171914339,6.982786069952286,5.400150906661847,C111,C111 < C100 < C110,True,True
2.225,5.634890369005496,7.071528249795381,5.472608592942884,C111,C111 < C100 < C110,True,True
2.25,5.697640566096654,7.160270429638476,5.5450662792239225,C111,C111 < C100 < C110,True,True
2.275,5.760390763187812,7.2490126094815714,5.61752396550496,C111,C111 < C100 < C110,True,True
2.3000000000000003,5.8231409602789705,7.337754789324668,5.689981651785999,C111,C111 < C100 < C110,True,True
2.325,5.885891157370128,7.426496969167763,5.762439338067036,C111,C111 < C100 < C110,True,True
2.35,5.9486413544612855,7.515239149010858,5.8348970243480744,C111,C111 < C100 < C110,True,True
2.375,6.011391551552443,7.603981328853953,5.907354710629112,C111,C111 < C100 < C110,True,True
2.4000000000000004,6.074141748643601,7.69272350869705,5.979812396910151,C111,C111 < C100 < C110,True,True
2.4250000000000003,6.136891945734759,7.781465688540145,6.052270083191189,C111,C111 < C100 < C110,True,True
2.45,6.199642142825917,7.87020786838324,6.124727769472226,C111,C111 < C100 < C110,True,True
2.475,6.262392339917074,7.958950048226335,6.197185455753265,C111,C111 < C100 < C110,True,True
2.5,6.325142537008232,8.04769222806943,6.269643142034302,C111,C111 < C100 < C110,True,True
2.5250000000000004,6.387892734099391,8.136434407912526,6.342100828315341,C111,C111 < C100 < C110,True,True
2.5500000000000003,6.450642931190549,8.225176587755621,6.414558514596378,C111,C111 < C100 < C110,True,True
2.575,6.513393128281706,8.313918767598716,6.487016200877417,C111,C111 < C100 < C110,True,True
2.6,6.576143325372864,8.402660947441811,6.559473887158454,C111,C111 < C100 < C110,True,True
2.625,6.638893522464021,8.491403127284906,6.631931573439492,C111,C111 < C100 < C110,True,True
2.6500000000000004,6.70164371955518,8.580145307128003,6.704389259720531,C100,C100 < C111 < C110,True,True
2.6750000000000003,6.764393916646338,8.668887486971098,6.776846946001569,C100,C100 < C111 < C110,True,True
2.7,6.8271441137374955,8.757629666814193,6.849304632282607,C100,C100 < C111 < C110,True,True
2.725,6.889894310828653,8.846371846657288,6.921762318563644,C100,C100 < C111 < C110,True,True
2.75,6.9526445079198105,8.935114026500385,6.994220004844681,C100,C100 < C111 < C110,True,True
2.7750000000000004,7.015394705010969,9.02385620634348,7.0666776911257205,C100,C100 < C111 < C110,True,True
2.8000000000000003,7.078144902102127,9.112598386186576,7.139135377406758,C100,C100 < C111 < C110,True,True
2.825,7.140895099193284,9.201340566029671,7.211593063687797,C100,C100 < C111 < C110,True,True
2.85,7.203645296284442,9.290082745872766,7.284050749968834,C100,C100 < C111 < C110,True,True
2.875,7.2663954933756,9.378824925715861,7.356508436249872,C100,C100 < C111 < C110,True,True
2.9000000000000004,7.329145690466758,9.467567105558958,7.428966122530911,C100,C100 < C111 < C110,True,True
2.9250000000000003,7.391895887557916,9.556309285402053,7.501423808811948,C100,C100 < C111 < C110,True,True
2.95,7.454646084649074,9.645051465245148,7.573881495092987,C100,C100 < C111 < C110,True,True
2.975,7.517396281740231,9.733793645088243,7.6463391813740245,C100,C100 < C111 < C110,True,True
3.0,7.580146478831389,9.822535824931338,7.718796867655062,C100,C100 < C111 < C110,True,True
